subreddit,users,date
programming,650,2013-07-17 15:11:36
python,80,2013-07-17 15:11:39
django,6,2013-07-17 15:11:41
flask,1,2013-07-17 15:11:43
programming,650,2013-07-17 15:12:10
python,80,2013-07-17 15:12:11
django,6,2013-07-17 15:12:13
flask,1,2013-07-17 15:12:14
programming,840,2013-07-17 16:30:24
python,66,2013-07-17 16:30:26
django,6,2013-07-17 16:30:28
flask,6,2013-07-17 16:30:34
programming,1017,2013-07-17 17:01:37
python,95,2013-07-17 17:01:40
django,5,2013-07-17 17:01:43
flask,5,2013-07-17 17:01:45
programming,796,2013-07-17 18:51:18
python,63,2013-07-17 18:51:31
django,8,2013-07-17 18:51:43
flask,7,2013-07-17 18:51:57
programming,749,2013-07-17 19:00:16
python,65,2013-07-17 19:00:28
django,12,2013-07-17 19:00:41
flask,5,2013-07-17 19:00:57
programming,634,2013-07-17 20:00:33
python,62,2013-07-17 20:00:44
django,18,2013-07-17 20:00:56
flask,1,2013-07-17 20:01:08
programming,589,2013-07-17 21:00:43
python,54,2013-07-17 21:00:55
django,10,2013-07-17 21:01:07
flask,7,2013-07-17 21:01:18
programming,608,2013-07-17 22:00:15
python,80,2013-07-17 22:00:27
django,14,2013-07-17 22:00:38
flask,2,2013-07-17 22:00:50
programming,634,2013-07-17 23:00:40
python,107,2013-07-17 23:00:51
django,12,2013-07-17 23:01:04
flask,0,2013-07-17 23:01:16
programming,558,2013-07-18 01:01:44
python,92,2013-07-18 01:01:55
django,8,2013-07-18 01:02:07
flask,5,2013-07-18 01:02:18
programming,555,2013-07-18 02:01:27
python,85,2013-07-18 02:01:37
django,8,2013-07-18 02:01:49
flask,0,2013-07-18 02:02:00
programming,478,2013-07-18 03:00:38
python,71,2013-07-18 03:00:50
django,8,2013-07-18 03:01:03
flask,4,2013-07-18 03:01:16
programming,439,2013-07-18 03:59:50
python,77,2013-07-18 04:00:01
django,12,2013-07-18 04:00:12
programming,439,2013-07-18 04:00:13
flask,4,2013-07-18 04:00:25
python,77,2013-07-18 04:00:25
django,12,2013-07-18 04:00:35
flask,4,2013-07-18 04:00:46
programming,870,2013-07-18 10:09:50
python,89,2013-07-18 10:10:01
django,4,2013-07-18 10:10:11
flask,6,2013-07-18 10:10:23
programming,934,2013-07-18 10:16:20
python,87,2013-07-18 10:16:31
django,4,2013-07-18 10:16:42
flask,4,2013-07-18 10:16:53
programming,808,2013-07-18 11:15:16
python,100,2013-07-18 11:15:29
django,17,2013-07-18 11:15:40
flask,1,2013-07-18 11:15:51
programming,911,2013-07-18 12:00:20
python,63,2013-07-18 12:00:37
django,9,2013-07-18 12:00:49
flask,4,2013-07-18 12:01:02
programming,711,2013-07-18 13:00:47
python,86,2013-07-18 13:00:58
django,8,2013-07-18 13:01:09
flask,2,2013-07-18 13:01:21
programming,696,2013-07-18 14:00:25
python,103,2013-07-18 14:00:37
django,6,2013-07-18 14:00:48
flask,5,2013-07-18 14:01:01
programming,679,2013-07-18 15:01:40
python,88,2013-07-18 15:01:51
django,11,2013-07-18 15:02:02
flask,3,2013-07-18 15:02:14
programming,623,2013-07-18 16:18:56
python,75,2013-07-18 16:19:07
django,10,2013-07-18 16:19:20
flask,3,2013-07-18 16:19:31
programming,582,2013-07-18 17:07:54
python,61,2013-07-18 17:08:04
django,9,2013-07-18 17:08:17
flask,3,2013-07-18 17:08:29
programming,401,2013-07-18 21:19:57
python,61,2013-07-18 21:20:09
django,8,2013-07-18 21:20:20
flask,6,2013-07-18 21:20:32
programming,392,2013-07-19 09:39:29
programming,614,2013-07-19 09:39:54
python,54,2013-07-19 09:40:05
django,9,2013-07-19 09:40:17
flask,5,2013-07-19 09:40:28
programming,568,2013-07-19 10:00:22
python,41,2013-07-19 10:00:34
django,4,2013-07-19 10:00:47
flask,5,2013-07-19 10:01:03
programming,591,2013-07-19 11:00:15
python,52,2013-07-19 11:00:27
django,13,2013-07-19 11:00:39
flask,4,2013-07-19 11:00:50
programming,566,2013-07-19 12:00:24
python,49,2013-07-19 12:00:35
django,9,2013-07-19 12:00:48
flask,5,2013-07-19 12:01:00
programming,539,2013-07-19 13:01:02
python,50,2013-07-19 13:01:13
django,15,2013-07-19 13:01:25
flask,6,2013-07-19 13:01:37
programming,485,2013-07-19 14:10:00
python,47,2013-07-19 14:10:12
django,10,2013-07-19 14:10:23
flask,5,2013-07-19 14:10:33
programming,536,2013-07-19 15:03:14
python,37,2013-07-19 15:03:26
django,9,2013-07-19 15:03:37
flask,3,2013-07-19 15:03:48
programming,501,2013-07-19 16:42:27
python,50,2013-07-19 16:42:38
django,10,2013-07-19 16:42:49
flask,4,2013-07-19 16:43:00
programming,551,2013-07-19 17:00:46
python,47,2013-07-19 17:00:58
django,14,2013-07-19 17:01:10
flask,4,2013-07-19 17:01:21
programming,375,2013-07-19 18:37:41
python,58,2013-07-19 19:30:38
django,6,2013-07-19 19:30:50
flask,7,2013-07-19 19:31:01
programming,400,2013-07-19 19:31:13
python,62,2013-07-19 19:31:24
django,6,2013-07-19 19:31:35
flask,7,2013-07-19 19:31:46
programming,353,2013-07-19 20:00:35
python,33,2013-07-19 20:00:48
django,10,2013-07-19 20:01:00
flask,3,2013-07-19 20:01:15
programming,363,2013-07-19 21:00:27
python,45,2013-07-19 21:00:39
django,13,2013-07-19 21:00:52
flask,6,2013-07-19 21:01:04
programming,333,2013-07-19 22:00:49
python,48,2013-07-19 22:01:00
django,14,2013-07-19 22:01:11
flask,1,2013-07-19 22:01:23
programming,315,2013-07-19 23:00:15
python,50,2013-07-19 23:00:27
django,8,2013-07-19 23:00:37
flask,1,2013-07-19 23:00:49
programming,286,2013-07-20 01:58:12
python,40,2013-07-20 01:58:24
django,13,2013-07-20 01:58:35
flask,4,2013-07-20 01:58:47
programming,287,2013-07-20 02:00:32
python,40,2013-07-20 02:00:44
django,13,2013-07-20 02:00:55
flask,4,2013-07-20 02:01:07
programming,265,2013-07-20 02:34:57
python,41,2013-07-20 02:34:59
django,7,2013-07-20 02:35:01
flask,5,2013-07-20 02:35:04
programming,257,2013-07-20 02:49:29
python,37,2013-07-20 02:49:31
django,10,2013-07-20 02:49:33
flask,0,2013-07-20 02:49:35
programming,252,2013-07-20 03:00:34
python,38,2013-07-20 03:00:46
django,6,2013-07-20 03:00:57
flask,0,2013-07-20 03:01:08
programming,266,2013-07-20 03:15:49
programming,266,2013-07-20 03:15:58
programming,266,2013-07-20 03:16:09
python,39,2013-07-20 03:16:12
django,7,2013-07-20 03:16:14
flask,4,2013-07-20 03:16:16
programming,250,2013-07-20 03:17:06
python,39,2013-07-20 03:17:08
django,7,2013-07-20 03:17:09
flask,4,2013-07-20 03:17:10
programming,236,2013-07-20 04:00:29
python,46,2013-07-20 04:00:41
programming,236,2013-07-20 04:00:52
python,46,2013-07-20 04:01:03
django,5,2013-07-20 04:01:16
flask,4,2013-07-20 04:01:27
programming,247,2013-07-20 04:02:43
python,46,2013-07-20 04:02:54
django,5,2013-07-20 04:03:06
flask,4,2013-07-20 04:03:17
programming,427,2013-07-20 11:14:26
python,64,2013-07-20 11:14:39
django,11,2013-07-20 11:14:49
programming,427,2013-07-20 11:15:01
python,64,2013-07-20 11:15:35
django,11,2013-07-20 11:15:45
flask,0,2013-07-20 11:15:57
programming,458,2013-07-20 12:00:48
python,74,2013-07-20 12:00:59
django,11,2013-07-20 12:01:12
programming,458,2013-07-20 12:01:22
python,74,2013-07-20 12:01:33
django,11,2013-07-20 12:01:44
flask,4,2013-07-20 12:01:55
programming,512,2013-07-20 13:24:41
python,74,2013-07-20 13:24:56
programming,512,2013-07-20 13:25:08
python,74,2013-07-20 13:25:19
django,5,2013-07-20 13:25:31
flask,3,2013-07-20 13:25:44
programming,542,2013-07-20 14:00:24
python,58,2013-07-20 14:00:36
django,6,2013-07-20 14:00:49
flask,4,2013-07-20 14:01:02
programming,532,2013-07-20 15:00:06
python,68,2013-07-20 15:00:18
programming,532,2013-07-20 15:00:33
python,68,2013-07-20 15:00:45
django,8,2013-07-20 15:00:57
flask,2,2013-07-20 15:01:10
programming,510,2013-07-20 16:01:14
python,65,2013-07-20 16:01:27
django,7,2013-07-20 16:01:38
flask,6,2013-07-20 16:01:51
programming,510,2013-07-20 17:03:05
python,64,2013-07-20 17:03:17
django,12,2013-07-20 17:03:27
flask,1,2013-07-20 17:03:39
programming,451,2013-07-20 18:00:14
python,69,2013-07-20 18:00:25
django,9,2013-07-20 18:00:38
flask,4,2013-07-20 18:00:51
programming,408,2013-07-20 19:24:46
programming,377,2013-07-20 22:56:13
programming,340,2013-07-21 00:36:12
programming,340,2013-07-21 00:36:24
python,46,2013-07-21 00:36:35
django,9,2013-07-21 00:36:47
flask,2,2013-07-21 00:36:59
programming,328,2013-07-21 01:05:45
python,35,2013-07-21 01:05:56
django,7,2013-07-21 01:06:08
programming,328,2013-07-21 01:06:19
python,35,2013-07-21 01:06:30
django,7,2013-07-21 01:06:41
programming,322,2013-07-21 01:07:45
python,35,2013-07-21 01:07:57
django,7,2013-07-21 01:08:08
flask,3,2013-07-21 01:08:20
programming,343,2013-07-21 02:47:39
programming,434,2013-07-21 09:27:28
python,37,2013-07-21 09:27:47
django,6,2013-07-21 09:28:00
flask,3,2013-07-21 09:28:13
programming,475,2013-07-21 10:05:17
python,39,2013-07-21 10:05:28
django,3,2013-07-21 10:05:40
flask,5,2013-07-21 10:05:51
programming,442,2013-07-21 11:00:01
programming,442,2013-07-21 11:00:12
python,39,2013-07-21 11:00:28
django,7,2013-07-21 11:00:40
programming,442,2013-07-21 11:00:51
python,39,2013-07-21 11:01:02
django,7,2013-07-21 11:01:13
flask,2,2013-07-21 11:01:26
programming,540,2013-07-21 12:00:55
programming,540,2013-07-21 12:01:07
python,55,2013-07-21 12:01:18
django,12,2013-07-21 12:01:30
flask,1,2013-07-21 12:01:42
programming,538,2013-07-21 13:00:28
python,48,2013-07-21 13:00:41
django,14,2013-07-21 13:00:53
programming,538,2013-07-21 13:01:08
python,48,2013-07-21 13:01:19
django,14,2013-07-21 13:01:30
flask,2,2013-07-21 13:01:42
programming,477,2013-07-21 14:00:40
python,51,2013-07-21 14:00:51
django,8,2013-07-21 14:01:03
flask,5,2013-07-21 14:01:15
programming,553,2013-07-21 15:01:48
programming,553,2013-07-21 15:01:58
python,51,2013-07-21 15:02:18
programming,553,2013-07-21 15:02:30
python,51,2013-07-21 15:02:40
django,11,2013-07-21 15:02:52
flask,1,2013-07-21 15:03:03
programming,532,2013-07-21 16:00:02
python,91,2013-07-21 16:00:14
django,7,2013-07-21 16:00:25
flask,1,2013-07-21 16:00:37
programming,553,2013-07-21 17:00:22
python,79,2013-07-21 17:00:33
django,10,2013-07-21 17:00:45
flask,1,2013-07-21 17:00:56
programming,458,2013-07-21 18:00:54
python,78,2013-07-21 18:01:04
django,6,2013-07-21 18:01:16
flask,1,2013-07-21 18:01:28
programming,448,2013-07-21 19:19:18
programming,430,2013-07-21 20:10:39
python,66,2013-07-21 20:10:50
django,10,2013-07-21 20:11:01
flask,5,2013-07-21 20:11:12
programming,497,2013-07-21 23:02:28
programming,497,2013-07-21 23:03:24
python,57,2013-07-21 23:03:35
django,8,2013-07-21 23:03:47
programming,694,2013-07-22 11:29:20
programming,694,2013-07-22 11:29:25
python,98,2013-07-22 11:29:31
python,98,2013-07-22 11:29:36
django,7,2013-07-22 11:29:42
django,7,2013-07-22 11:29:46
flask,5,2013-07-22 11:29:54
flask,5,2013-07-22 11:29:56
programming,694,2013-07-22 12:00:17
python,77,2013-07-22 12:00:29
django,10,2013-07-22 12:00:43
flask,7,2013-07-22 12:00:56
programming,713,2013-07-22 13:00:18
programming,713,2013-07-22 13:00:32
python,102,2013-07-22 13:00:43
django,9,2013-07-22 13:00:54
flask,4,2013-07-22 13:01:07
programming,684,2013-07-22 14:00:29
python,102,2013-07-22 14:00:41
django,7,2013-07-22 14:00:53
flask,5,2013-07-22 14:01:05
programming,503,2013-07-22 18:58:12
python,56,2013-07-22 18:58:24
django,9,2013-07-22 18:58:35
flask,4,2013-07-22 18:58:47
programming,499,2013-07-22 19:00:13
python,67,2013-07-22 19:00:25
django,9,2013-07-22 19:00:37
flask,4,2013-07-22 19:00:49
programming,505,2013-07-22 20:00:18
python,66,2013-07-22 20:00:29
django,11,2013-07-22 20:00:41
programming,505,2013-07-22 20:00:52
python,66,2013-07-22 20:01:03
django,11,2013-07-22 20:01:14
flask,1,2013-07-22 20:01:25
programming,513,2013-07-22 21:33:49
python,74,2013-07-22 21:34:01
django,7,2013-07-22 21:34:12
flask,9,2013-07-22 21:34:24
django,13,2013-07-22 23:57:30
flask,6,2013-07-22 23:57:41
programming,394,2013-07-22 23:01:07
python,65,2013-07-22 23:01:18
django,9,2013-07-22 23:01:29
flask,10,2013-07-22 23:01:39
programming,417,2013-07-23 00:01:27
python,56,2013-07-23 00:01:38
django,15,2013-07-23 00:01:50
flask,10,2013-07-23 00:02:01
programming,439,2013-07-23 00:07:47
python,54,2013-07-23 00:07:58
django,9,2013-07-23 00:08:09
flask,8,2013-07-23 00:08:20
